时间,方向,金额(TRX),From,To,TxID
2025-11-07 12:26:06,转出,-0.000001,,,a5103bfa149af4eeb084a506ec96a62a3f4edee5ca9792dec0b74209b4929342
2025-11-06 13:31:51,转出,-0.000001,,,77c8b7d4964c004f524a92b77b730ffcc6ca915dff3ebed833350dd228e8aa44
2025-11-05 09:09:24,转出,-0.000001,,,9799ec4bc4fe9345c806192b9429d79352eb3e36c109f099a838db5fe1c579cd
2025-11-04 10:40:09,转出,-0.000001,,,ba8799a7e39dab20f8c7879e120553b2b08796ff946ff0ed1a1783f4c6147365
2025-11-03 11:34:03,转出,-0.000001,,,5e9c3bde4a9d4cfd49450242bcaa9ececdd4cf0360a19a81e7a8abe3d09ccb67
2025-11-02 11:39:30,转出,-0.000001,,,e9f4e8b9b63319bf0bd84229f973f7dd1dd1067c15616b1b05407d7656a1c7ff
2025-11-01 11:31:48,转出,-0.000001,,,f801115d937a01b2cc6b72c62cffc69aa797f08f5c7349676c695a00b487fef3
2025-10-31 07:50:30,转出,-0.000001,,,08e53fff076d5449f2f93a367c1d0a6a07a18ce647c48498ba7e803975372253
2025-10-30 07:58:06,转出,-0.000001,,,4c2425f2781cde4a6abcfbb049c5c364bd82e9406439cf36f582cf03f8c02605
2025-10-29 07:56:42,转出,-0.000001,,,8e0a8cac0aff0f61733f7e2fd3d9e0311c3b443bb926f93bf57ee28655e8e6d2
2025-09-29 11:09:06,转出,0.000000,,,bebe5f5a8c0fa5bca11a475fe4b69ebddc02184f8f1607071400967aa3f7c680
2025-09-29 10:56:21,转出,-0.000001,,,07c2bba52fbf929363b034dae57ed786c1e3416346b88413404ef5b107f50526
2025-09-29 10:56:12,转出,-0.000006,,,97c898a3d3dfd60fde954376c28ad6435ad018dd1e6af74ec42729d4419c12c0
2025-09-29 10:54:30,转出,-0.000007,,,f5da39c2177cb77d6ce906860271adca2450cc6ab6ef4c799ba3aad364aa3daa
2025-09-29 09:31:36,转出,0.000000,,,b294dabcea35187ae0609ae330b907314066f928d210ef3f4aac026f4186a400
2025-09-29 09:09:12,转出,-0.000007,,,1d3f91fc56a3301584121bc29617a92245d758e565ab75b3eb63ded1c259981a
2025-09-29 09:07:21,转出,-0.000002,,,f243221ed685c84a6671d00e6f5964e3ec7153a6b3ba28a9cc39b3e0c35f2ed3
2025-09-29 09:07:00,转出,0.000000,,,7cddb199f034b3b36d28958d0a97f24a06a176d211545ac66e8ff8547187c149
2025-09-29 09:06:15,转出,-0.000007,,,fa48b605896216d3e83a0cf89ff11cc3319965c6d0bf3c44bbd10a295c9072a7
2025-09-29 09:03:57,转出,-0.000001,,,1c0c727e4804291d73ddc0ee19b8e5d051e94c266b7c798347376cd2ab86ea08
2025-09-29 09:03:39,转出,0.000000,,,1ac668a2d70a0dec275fd493a95a3d019e19c0b34170bbd5af2ad221d50c04fd
2025-09-26 16:21:45,转出,-0.000002,,,343614f96b43dd829938ffd4cdc6e34d6b1afb85fb1231a31626b7576425a74b
2025-09-26 16:21:27,转出,0.000000,,,66106d0cbd1abfb40ee6836778157eb9b98a59fa4288e5218d60733bdc3eab3d
2025-09-26 16:19:12,转出,-0.000002,,,16b820e735aa215a05029c497c3ffa2f147add4510e90220683cf69c1ade79df
2025-09-26 16:19:03,转出,-0.000001,,,9148f9e60386b579d5fc65ad2e1ab5b2a28b4454c12d7362ae3cae65b8d1a81d
2025-09-26 16:18:54,转出,0.000000,,,34697065f04fdc63b1bdeb5d4e9f2057f67ed779510d507e9852c816c970b68c
2025-09-26 15:25:51,转出,-0.000002,,,57bb893cbb0f84d3eb41475bea12af48068fa9cf6852b81f9d9c60a238dac9c3
2025-09-26 15:25:33,转出,0.000000,,,9367c2752a889ee320dba07032bf270f761b8c5c3a804bd829ecabdc95f57e4d
2025-09-26 15:23:45,转出,-0.000001,,,1daa945026c2fdefd4158d04b86d5bf53e9332af717d697ed8937d76bf7dc24e
2025-09-26 15:23:42,转出,-0.000002,,,e6fb14fb91712a06e03319ac3af417ef1335f84fd60a7a15678d7cb2e5dc4316
2025-09-26 15:23:24,转出,0.000000,,,26a7d6c4dffae07f8c6c7f1ace2643e4a8d55461f5929837bd104c01ca282a8c
2025-09-26 11:22:54,转出,-0.000002,,,6cf03a9cd69b5c829b208a5a8599a5a0df382403f2a72b60ab5cfd60e6742cbc
2025-09-26 11:22:36,转出,0.000000,,,2ce288ed53d11caea0aa2f8c2372156177504ae4c04435037dd43c37ddc078e6
2025-09-26 11:19:36,转出,-0.000007,,,c8f6ff14b8cdff787fc78181813ee39a00d34f596beec7848fb629027c3ec066
2025-09-26 11:17:12,转出,-0.000002,,,75da0b99a8e91c2d599c5d46f7f65e7a606e778d118b39a8449a9b7fcc0a2e4d
2025-09-26 11:17:06,转出,-0.000006,,,1a0e823a3f49403cbe948a0add39cbda6d8a7622fe78c8588122a1aba2edbd9e
2025-09-26 11:16:54,转出,0.000000,,,5090ed89a5940f9fe3c23f02652f9aa830edd293ccecb15dc44c2c95b8987e7e
2025-09-25 19:46:12,转出,-0.000001,,,fe5476649d540e9c28d1e50c1e08ca1fe4e576ebab5cb6cb07994ccc3f587626
2025-09-25 08:39:42,转出,0.000000,,,bd9a0444dd986c97d99fa054e7d7260a4a7e42f3f0d7b75923028b53a8b3107c
2025-09-25 08:33:54,转出,-0.000001,,,b3e9bd6c4e58bee3ed182e6f4026eab45f930f7ae6ab5196255b8e0cedc39e02
2025-09-25 08:33:51,转出,-0.000002,,,ae199421eb72008c5b9ecf8c861ff73764bb04686132f304648dafb04fa1c0b3
2025-09-25 08:33:33,转出,0.000000,,,ff2a31f9216b9fc6340a1fe8718bab56693ce7ecda924f281408d920d032f048
2025-09-24 17:33:30,转出,-0.000004,,,9a125fd7f7816a54249a2453527ee72b3cdc3b1ac934b045eb0b51b5127ca02a
2025-09-24 17:33:30,转出,-10.000000,,,2a0715189d9cc4cf6d821132b0c17cd2b55482bd9af73fc44341aa85840bd488
2025-09-24 17:33:21,转出,0.000000,,,af374331def2157875acf189535b0a21d691695eed941c93395675766ea2f41d
2025-09-24 14:54:42,转出,0.000000,,,8f22f3484f0427fb44e9e8988708946053043fa752fcb0133628cb9a3a792e14
2025-09-24 14:53:06,转出,-0.000001,,,40a4e08ef3826967d275ebfba6844e7994cbcd2e7a44c20106a2fb2ee8541f39
2025-09-24 14:52:45,转出,0.000000,,,8193eca45c6df52d8f8f6be288c750de0741e0296249d71ce71112b1881e1094
2025-09-24 10:21:12,转出,-0.000004,,,521a065e24e016aff727c77bbbf5a8243f048ce129cccd4c1b183b24ae0607b9
2025-09-24 09:44:57,转出,-0.000002,,,71798b419d4efc6877fa29ce3db24bf75dad3eb3aa144bf75ab014cd980bc112
2025-09-24 09:44:39,转出,0.000000,,,63ebfc7957f04136a18a1f61212d2d55e324381a9f87b0f906e2e658e6d03f1e
2025-09-24 09:18:42,转出,-0.000002,,,08908778978e4f852e00feb049c1e185b9805a4caf9990dca18e4dc105287025
2025-09-24 09:18:24,转出,0.000000,,,24a88f9279c1d98d872d3dfa9ae4564b9c5cd0f8673cd5ca83903de2f1f7152b
2025-09-24 08:59:18,转出,-0.000002,,,8b18d1232cfc72dc72111c87a2198406b44da8de1fa52f6ac545e5735b567a75
2025-09-24 08:59:03,转出,0.000000,,,cab6d7f4a96ea9aec71d3f21d5dee194871f89e85276452c298a56074693f5f2
2025-09-24 08:55:51,转出,-0.000004,,,e921f980c9f4f447b4f1e464a3f46f055ed513045e85c839fd318e437d55fc07
2025-09-24 08:53:33,转出,-0.000005,,,279826ceb7bef8e6ac7f6673a413062cf8e233ce22defd07f18bc8e189f3eb46
2025-09-24 08:52:54,转出,-0.000001,,,833996560581143cc002300561e1a6048b343c25dc061344ed2014f5b8bb3e68
2025-09-24 08:52:36,转出,0.000000,,,99c8662379a48916b6696df900db2eb10be8aa68cd9ee253680f21d05d00695a
2025-09-23 11:11:06,转出,-0.000002,,,044f7ca65e34b0f46ee6ff22a0c394eea2a254cc1d7a744450a36946fee657c9
2025-09-23 11:10:48,转出,0.000000,,,637f9064f9af86336f5350b36bed94776e5061b7e33d59d8f72474ec781a9540
2025-09-23 10:49:39,转出,-0.000002,,,b30ab2fd297f154dd6aaf0c9306640d345a07dde182dd6168228a19f1badc072
2025-09-23 10:49:21,转出,0.000000,,,e9e322af3357a2a1faab18978ab5da1d638c8f636442da5f988b310513199057
2025-09-23 10:47:18,转出,-0.000002,,,87f420ce6e1ced9d5aaecc7d97abca018d139dd04c9e8454d91f3e8b06787a75
2025-09-23 10:47:18,转出,-0.000001,,,670d5d67313419d02f2448f92df0a835c048e30d41026497ad1847b691000387
2025-09-23 10:47:00,转出,0.000000,,,1be6966986f9e5dcd808863d7d6e865f0f7048ce26b19e505940710f0db9a96e
2025-09-19 20:15:33,转出,-0.000001,,,2489f755ded43b685409a0cc4f4753feb2f314e39328ee5e3cf0e76a156d8625
2025-09-19 15:06:18,转出,-0.000002,,,428b5c61ceb981c7bf74acb7a1461bacbc50f17fa14efe430c78a86e1c381b95
2025-09-19 15:06:15,转出,-0.000002,,,0a804d5cd7da3a32a15d07bda4cd0e2de728ccacebacc6d078cd6028bade79de
2025-09-19 15:05:51,转出,0.000000,,,3c4db7df175625fb276e0cdb4de2a48dab4d05162f7e9cd9250ef4165f05bd99
2025-09-19 13:50:33,转出,-0.000008,,,40a5cde6198da65262460b6d988f6f55bef8496a613c2ad93aa834a410fc87bf
2025-09-19 13:50:09,转出,-0.000004,,,78ea3cedcefefe07ea9e04a14048b1b7fce5f91b4089507d58ce0f435fb6280b
2025-09-19 13:49:45,转出,0.000000,,,78d4e880bf678f3f651db66bcde34a53a351ea811c48ed289ce0583d6eed246e
2025-09-19 13:48:57,转出,-0.000001,,,c21b93e75557409868b91af493758a7aab1d26bf82a0f49b4509bb9c37bab54e
2025-09-19 13:48:54,转出,-0.000002,,,33bb51e7a57aac6ed32f31b3454363e071c6b1503dcfde4c75eab97eba9ef557
2025-09-19 13:48:36,转出,0.000000,,,f1998c1686e7a7d4dec6bae20fdeec41ae043fbcf0c2cdf6a99b8deee0c7ad2f
2025-09-19 07:38:57,转出,-0.000001,,,54c9404fb58b8bda6d32ec471f424cb9741318dad68bd7cfb2497e190dee29ac
2025-09-18 09:09:18,转出,-0.000005,,,5f56ed6b01d0fd999f73cca8533c19aa7afd0671677612232a1d7eb687b03f59
2025-09-18 09:08:27,转出,-0.000001,,,f3af32ecbdf105d33a71598334f34819e5fd29a4f5aa7faf1c12ba0c23ade12f
2025-09-18 09:07:18,转出,0.000000,,,494fa67da141819f363f603cc3630d60d855bf4b7b9dec71df9bfcc97a1c02fb
2025-09-18 09:06:30,转出,-0.000001,,,8ff10c2fd9a0e405af2a98eb9316d3fabc3b7aa94abe1bd87ab548eeb6ee1b72
2025-09-18 09:06:30,转出,-0.000002,,,90c427ce21ce4ea8f0251b51581d4a7e3f11579f8215b4a14f814997087a54d5
2025-09-18 09:06:12,转出,0.000000,,,2906eb91962cafc5234018be38587a39f571e9fb4bdb1556b2bbe0fc4c65c9b0
2025-09-17 22:18:24,转出,-0.000001,,,1a9d69c143d6bc5f8ced9b5dd8d487025eb63d6657f1b61cbf26aff1aaac5bfd
2025-09-17 17:58:09,转出,-0.000008,,,4a5aaae97f377d2ea0c552fd1073d204fab775d3c48ec997c204f47aaea65e3e
2025-09-17 17:56:54,转出,-0.000002,,,1af8200fcd95ab2e58bcb14076e625898e54634e98ff1895ba0d48709cfe7eb8
2025-09-17 16:07:21,转出,-0.000003,,,046676f04f0f6ffe21de554d9b9ff6c31dd5475c8310217421b9a1f7d0717290
2025-09-17 16:04:30,转出,0.000000,,,e860f1acadeaa80a6c107d11944331d3ea640f901518588ecee04041334cf475
2025-09-17 16:03:42,转出,-0.000003,,,679d0d0adc0c11df55cd9f1e80756de6a117cd831142e818733ae7519d88c514
2025-09-17 16:02:21,转出,-0.000001,,,c360fad289a844cb20224e0ed7c0cfb1cb485c8459ea30c39006953088f0f53b
2025-09-17 16:02:09,转出,0.000000,,,3243986073c8bd677ce44c0289808d69768258c893b522ce833564beb8d02b38
2025-09-17 11:13:15,转出,-0.000008,,,742dd0424cf0cbdbeb12fbb7ff2a267c41147322d10047be35233a91642d9c46
2025-09-17 11:10:15,转出,-0.000004,,,bfa515a129e173fbc699f37711c938115d0c64d70b9f7845ea7bd29834695a16
2025-09-16 16:15:30,转出,-0.000001,,,401be6e19bcb5d1b366b81bd55d953a896a025054a040ac3f0b0199980556b4c
2025-09-16 13:36:27,转出,-0.000007,,,a85cb49554d4f6264fe7dadec0a0f7e0120bab06ae63dd5cd3f4df96762af3a0
2025-09-16 13:36:24,转出,-0.000005,,,68a6e27bfb1baaa6c5bd0d3852f4ef624263502b1b7167b7e6d3f178a889ac03
2025-09-16 13:36:15,转出,0.000000,,,5e79554aed487bffb8859fb84f3a730182b85428c345df33225cc45b666e99ab
2025-09-16 11:05:30,转出,0.000000,,,1210da7f59aefcf5481643aff49af352833f5f4e3cb68e768b38578025de28c9
2025-09-16 11:01:12,转出,-0.000001,,,700046dac01937d6f66fa10e4fc7e1def28bb7d9d5f55a23be9d7527084a354c
2025-09-16 10:57:27,转出,-0.000002,,,6d159d54c119341a315b76047b50d365d7bd2ecd025104132967787d4b84457f
2025-09-16 10:57:06,转出,-0.000004,,,f69ded62a42b73c27f7e0a1d0b442e6eb71d14ecf3f9b6e88a691efc787583b9
2025-09-16 10:55:33,转出,-0.000002,,,72092a22bb5ec295862661785714b7057a58c4d32450a1f07685d743484e4c8a
2025-09-16 10:55:15,转出,0.000000,,,22e9a6a09e263ab03dcda3fe0b58d4f07663fb9c5f1eba44522f2671b1174fdb
2025-09-15 08:46:24,转出,-0.000001,,,76ad7accfcd47075fe7445d14dbd326c3b74f1cc3d77199d97163283e98016ed
2025-09-15 07:17:51,转出,-0.000008,,,e06c22cc3185869c37954bf7383975f7879c5badaa1b4e627ec6517b6834acef
2025-09-12 14:26:24,转出,-0.000006,,,d848300553d6be913116ca586d2db826da7bdee0079fe4593e280e73772cbfed
2025-09-12 12:35:45,转出,-0.000001,,,13c31f7fd75f81a796d84475f2c5e9934900f02d28fca19d740baff1aafe7222
2025-09-12 12:10:54,转出,-0.000006,,,4aab14835265f5b46db2d229006be7404eb84632fe1cd4353ea4ff72afee540d
2025-09-11 14:49:48,转出,-0.000005,,,bff51ed4bedcdd371065a1c32d54fced0e48db97b300e6cd694980bb46d7523b
2025-09-11 14:48:27,转出,-0.000004,,,eca9a616d9a138eb91e14ca6b3674487198bce0e745b3398c59d6f5f914fa351
2025-09-11 14:36:18,转出,-0.000006,,,bc14c6d66f97c8e2e968fc89afc079d77d9513e80184966bdcd13f3de7657056
2025-09-11 14:02:39,转出,-0.000003,,,1ce74918b25adbc2961f83496cf54ce7e5ea13fa730da3c39a70dce66ab6b42d
2025-09-11 12:58:27,转出,-0.000002,,,c8c7b624e8dea3020273d9099090c50c730f904ef8c1646fb8c3aace6365b02a
2025-09-11 12:56:15,转出,-0.000007,,,de8af749f19f3c6c753e0cd8519263f66aaa88fc58902c7d8e55ccc1bb1f0388
2025-09-11 12:55:21,转出,0.000000,,,00fdd4f4abb6d43c2672a68503b1d4aa456f38af295f8d62ac33958e25504b88
2025-09-11 12:53:54,转出,0.000000,,,1ae7ad8829aefea2e59439a9cc9896dd30dd235d5c170b00b43c6eba5552fcb0
2025-09-11 10:24:21,转出,-0.000001,,,d3ee1f3c080d5c492cb57231e46a899d7e02e8f2ab7aabe934bd5f70184e6131
2025-09-11 10:24:18,转出,-281.511416,,,611d1ed93d4478010ba6da3ca0bdab3db680852e1cf77c3124d27460ae658ab9
2025-09-11 10:24:12,转出,0.000000,,,17fb1c1a19f6bb4470aef4b54fe715b7adf0d1623eac94986c1c6ab7d9bd11b5
2025-09-11 10:23:03,转出,0.000000,,,259d009518a2220f2497f6c633d3407f02e5b96fd702a5f6fe543a2aeee2d4b3
2025-09-11 09:21:36,转出,-0.000003,,,d16dbfdc945a2ad35e63150769bd4dab1762c19f45193eadd7d02dfcd1a66ab5
2025-09-11 04:32:09,转出,-0.000004,,,d48f8bec467d6675c4b9ff095d403eca56a8412e7984d685fc831fd47a896001
2025-09-10 17:46:18,转出,-0.000007,,,85aea2b23adbacfaabdc15f8972db69ea9d7f86e788192fca93e711f7a00a383
2025-09-10 17:46:00,转出,-0.000002,,,f2702d21d5e4338aab1a22dec5456a585a8c88339ea7dde106b3aaefb6868abe
2025-09-10 17:33:39,转出,0.000000,,,14ce88293d64c6955b891e8e859cb41b8389e9d3378e99d407fe92e6e05181f7
2025-09-10 17:31:36,转出,-0.000002,,,b211912aaea5bbb25ab631e5b6cfe06dbf94e45a03b96da7ab7d4527a8aeaf61
2025-09-10 17:31:27,转出,-0.000008,,,ee0ed0a90337e9a56675b83332969b1589c1428eeb9e9769413bd14d61a29540
2025-09-10 17:31:18,转出,0.000000,,,ee7714cfe5eeb5d51c2a108f6c6e6064deeadf1837fdb38377ec014e6b831656
2025-09-10 14:43:27,转出,-0.000003,,,a9e60de4d8de32d00e420bb95aeeace7b16c2f3fc0904fb6efef3aae43b97921
2025-09-10 12:34:42,转出,-0.000001,,,a9b8646045a6ff7627df99ac05954dbdbbf0c738cdc45bb1109c38a84b6b1c94
2025-09-10 08:38:03,转出,-0.000009,,,1a5e740a69b5ed27f094580b18de0048068396ed60c55be84c9b5e9e93d6233d
2025-09-10 07:51:00,转出,-0.000005,,,cc356066ddaf3ea2ade7db574bf92b97ccf12321a3c9dd6df99213224dcaa500
2025-09-10 07:44:45,转出,-0.000004,,,40825d89025918683e1ea152917373975bd45d7ef55b78725082847690138bbc
2025-09-10 07:40:27,转出,-0.000007,,,13bb8155d35276369ddb316f6dda6c979bd08e91cbb800e5f3f011d1a1ffcb97
2025-09-09 16:31:15,转出,-0.000003,,,ae8d4ad9eb363c6ac05f1723c2ec66143322879c2ab3edcee3bce5866274ba8a
2025-09-09 14:46:42,转出,-0.000003,,,05b7febe27c554107bd181ec557f83539b7286d718f705c61332f7d0eaa178aa
2025-09-09 12:29:18,转出,-0.000002,,,cb356605d10b8c6496eb0b55ae3b18c127973ba92d727ff1324826946fb457c1
2025-09-09 11:59:54,转出,-0.000005,,,72abaa771da7b6eac3be1704266d7f52ea33d80b4798ba57c8235ceeffe4bc98
2025-09-09 01:36:27,转出,-0.000001,,,dc3e94e8971e56532b678ae8424c64cfc43ff00eda674ccb57622ef111629d83
2025-09-09 01:08:30,转出,-0.000001,,,955a31973161133985df0683ddcd1251a34ec78aaf6263de91eaf1e22ba63408
2025-09-09 01:05:06,转出,-0.000001,,,de40e5e327837dde76962f876a9ac94676be2013ff5c74f2462d720f5b5aa17b
2025-09-09 00:47:12,转出,-0.000001,,,a85b66c44d3ce5387917dcdf1e0197cb480b0f70bb78308bbdf3f220950626b5
2025-09-08 13:51:45,转出,-0.000003,,,cb6e7faabd2e162e3fad3fa092b9d5143c3f0f5445d8b3e33182a0fac9a6d717
2025-09-08 13:48:39,转出,-0.000003,,,f30763a089ece497a317eb299e3cc4b85d7c12c90c1d07841d3b70baced1db9c
2025-09-08 13:09:33,转出,-0.000006,,,ac4246a7a0cd31fc9f8e5c6013a9651acda23cacb696c44881d58b2eb5c5218b
2025-09-08 11:19:48,转出,-0.000005,,,d00d2e91c613ffc73ba3acebb931f432d174bb7f31cfe35d11a42eab7ac339d0
2025-09-08 11:19:48,转出,-0.000002,,,c32368d38e431775480825d464fa29efa0ea7e6c6f53efcde42b343630370520
2025-09-08 11:19:30,转出,0.000000,,,4559f709a0ce8d2a275dc97920318bd709508ead1a3b40d2b88d2e4d8518f925
2025-09-08 09:05:45,转出,-0.000004,,,fe08be53d3ebdd7aa7ade2a445c7d2dbef9842461f98a33b53910a67ea5676ad
2025-09-08 09:05:00,转出,-0.000005,,,e0933320d122483913ff3af3db54ec9be0fad9a66bd4bde0a3a851a25bf10d30
2025-09-08 09:03:00,转出,-0.000008,,,f2143d6543502db82cba8d5ab91b7f2fcf45fa86759f89a5f7836a9ad6953a1e
2025-09-08 09:02:39,转出,-0.000008,,,3e315cef18f29f51cd9605a2021d1164277755ede5d171f182657a0ff2bb8f3a
2025-09-08 09:02:00,转出,0.000000,,,a83d91c5c0b71634a85c9d2b4a7c5f3248148d4cef9a6ed4b652012672136660
2025-09-08 09:00:33,转出,-0.000001,,,5857fd6822660b7feea5e9c1303052ec6f4f6a5669712af8ae75a5982e8a1fe5
2025-09-08 09:00:24,转出,0.000000,,,e0abf3395bfed78f5826870b720a90b08ba1946d3820b09f68a9f1b15bb8e41e
2025-09-07 03:00:24,转出,-0.000001,,,346a33ef3fff8dfa5a4ed33fc9b2175513848416396d8b3c66e1f2857d506c63
2025-09-05 15:15:24,转出,-0.000006,,,2eb8c571797565cfae85213d3dea47675243c01ed9c5924b172f63563bf61009
2025-09-05 15:12:21,转出,-0.000004,,,29ae3a6218a80d5f1b501a29b4de9a467a3201e5c7a0de373661a8b84d5d6ddc
2025-09-05 13:56:03,转出,0.000000,,,a1f92374c7ed7f5bc50af88df762600486704e252dbdd235d5a894fdb56ec35c
2025-09-05 13:45:54,转出,-0.000002,,,b0190642a137ae1aa22d3b5d5e156bb81a3876106008f724b2fbc6c6964a1d47
2025-09-05 13:45:21,转出,0.000000,,,ab46a711d5f5e52a8daddbc0470acdc1243209d44b886ce2f8fc603fdf793095
2025-09-05 13:44:06,转出,0.000000,,,c0b5df3055f6efd4576299efd1fdf3cb4c36cf6a20fea39fbcc868141f35b673
2025-09-05 13:39:36,转出,-0.000001,,,b2c5f709d21e6658de152e8bd4912edd9d6b207981bbe5592de0cff9a09f04ff
2025-09-05 13:37:24,转出,0.000000,,,d45ddc354b13ecd66f5f82d4a3a28bca54e67df25571ee7e1df78bfa74b9b7a1
2025-09-05 12:57:15,转出,-0.000005,,,a6650623bc06386db34f39c5a8576f6cad9621b55376935da88ca10796fb32c6
2025-09-05 12:57:00,转出,0.000000,,,f81b09b6c9491c2129aebcdec1509b7d4f618f0816cfc18633414a2daeb9c38c
2025-09-03 08:27:09,转出,-0.000008,,,0dcb74b2a50c85cda1e51536757d87089b2ef341eee0581f211eac79ea1e5eb7
2025-09-03 08:25:15,转出,-0.000002,,,73b39b590496a35e8965fe2a2927ebef63a7f9f78dc7c5ca202ac74f22cfe158
2025-09-03 08:24:57,转出,0.000000,,,169f106f7a644ff84e230e1116a9113a0816e8e6fe937849132f9e4575e571bf
2025-09-03 08:11:39,转出,-0.000001,,,59845caae0156082f31b863da1e0f178750ac10f5429a4dd9b86f9d76f512975
2025-09-03 08:10:39,转出,-0.000003,,,1d6c49925e3d973c83d45772e7005f0ed4dacacbf7104ba8df3325e6e0363431
2025-09-03 08:10:33,转出,-0.000008,,,c68d7d45378733dabb1134d0a009832a220b986189687cb2ccdf801584caeb8f
2025-09-03 08:09:42,转出,-0.000002,,,9f00603ea46c4c68c9f994614a16e77ba8fa4aa2fc6b7fc8961ef7e4696f5615
2025-09-03 08:09:24,转出,0.000000,,,caf960068c1bc0eadafe9639e0b60f47d591dbae797f039f268b93a0ff5a2068
2025-09-03 08:08:39,转出,-0.000002,,,2cefab8c1af47c41430a574ba69a8ea45ff164228247f642985168ea1cb01582
2025-09-03 08:08:30,转出,-0.000001,,,9bc99296203073dd9a35d0bb930f5faa19c8d654b87514bf61b60516b750dfe2
2025-09-03 08:08:21,转出,0.000000,,,900f697b76354eb9e33ce9c041bbb3891136aad75ad41b6b4b67db005e53d996
2025-09-03 08:06:54,转出,-0.000004,,,c7328d3fc315e4cb242387e8c0bf870d1898f628751fb2b1618d3d2dec26ed1f
2025-09-03 08:06:27,转出,-0.000002,,,b5f28a24e9ccdc7408771dce2f3ac7e9a9ed012ce3b7dd09541dc92d825fa2b7
2025-09-03 08:06:12,转出,0.000000,,,6f824f6048ea466a9b91748654894a1ceaa95ab3c47a512c17914e4a1314b4fb
2025-09-03 08:05:57,转出,-0.000008,,,ea76993b35df8e0bfc47d941bcc72237a370d740c67880f35b201ad56645d174
2025-09-03 08:04:57,转出,-0.000002,,,94959cbc0e39a4968d3cc24e4f8bd2e9360671068996b4599cd2d2f20717ccca
2025-09-03 08:04:51,转出,-0.000003,,,7311fabb4f5ba570718d04bf3eaad2242134a8dddc50a14f71d3cb074e592e8a
2025-09-03 08:04:39,转出,0.000000,,,0df2a150380595e5441571b56585659ee0ed7c65512aca5fb9a4e694c9a61b06
2025-09-03 08:03:30,转出,"-8,888.880000",,,7d46e7ccffa5d0f5c9d4b86a929834395836a5f3b904978c2fb7abfecac4ebd6
2025-09-03 08:03:15,转出,"-8,888.880000",,,38479073acb19261fb1c904b29642e6c1b98c5b91fbd8784de43950536e31706
2025-09-03 08:02:54,转出,-33.333333,,,3b37cb17efd7ab2f9371418735978a1666112cf256c4b739b6d2cc555485cd9d
2025-09-01 11:01:15,转出,-0.000004,,,e2c759c802cb34a6dccca53212035247c0f0f3c54bdcae0a6d26f1ef3f0ccbf7
2025-09-01 10:52:09,转出,-0.000002,,,907b98de2a62a974a8696113be10050d2b3b75ac498f4438c83e986792df77bd
2025-09-01 10:52:03,转出,-0.000005,,,735f6e790c40b22b00b5ed49cc23483f196cc0a8fc7d2119d97895d9bfac18e3
2025-09-01 10:51:51,转出,0.000000,,,b423a3dbd3e0dd0ba4083f2c2bb332d6936628310a6f0f1399128e6ae55221d0
2025-08-29 14:14:36,转出,-0.000001,,,15be126e077b55d3d5fe177af2a5b873c38b4595530a576286c8b372de41cdc7
2025-08-28 12:44:06,转出,-0.000003,,,36e5210facec997c28021d316d37505be826907fdfb02db780cc0b092e888482
2025-08-27 10:08:42,转出,-0.000004,,,64b1dc57609d9759d382c1f898d74998d0aae3763c0c2acdd48b793acf6ff9c8
2025-08-27 10:07:18,转出,-0.000003,,,c80655714db7e3b8c5d90458720cc3880cf3aedacc7e02f505f0a55ceb03738f
2025-08-26 16:53:12,转出,-0.000006,,,61fef981843312731c7af30f7935818a4bee57a138f5c85eece5545cbd22f8eb
2025-08-25 16:14:12,转出,-0.000001,,,acb791a5c8e8aee9769d3a344ff788fffdffa557ed9fd7439f448584a67ed842
2025-08-25 16:12:15,转出,-0.000002,,,e33495aff8c01f13f143db6b71c60dd2f34fbe88b2dcd5eb4293c034dba5ec5f
2025-08-25 08:27:03,转出,-0.000004,,,8116ee84713de012b7e969c302329efef80e0881982a59393ecaa743bd6fc9c9
2025-08-25 07:58:03,转出,-0.000008,,,5795b071bd49863e7be16c8812499deadba99d9cf4c0df616d4168c204d39da2
2025-08-25 07:52:33,转出,-0.000007,,,2db212e7d8c49dc487a6a7cb1dcc4f97a4ce2efaa4aaeb9861a97f72c01cd1ae
2025-08-25 07:50:57,转出,-0.000001,,,71c254d9e172dc071df0ab73f3f70429ad64ad48e5a755db516746179e2a5cd9
2025-08-22 17:31:54,转出,-0.000006,,,7b144addff03e72dcb490999e11923bb246e9ebdb4aa02c26a7ddedecd3753f1
2025-08-22 17:31:42,转出,-0.000002,,,30e1e9f153e7f111e0f7d015850b8abf66b1b5b434446f5254c8d4711754f397
2025-08-22 17:31:36,转出,-0.000001,,,f902077f2d904192bb8aeb86abc5000c6b29f985a1cb87eb93ae8b2c0ba50573
2025-08-22 17:31:33,转出,-274.245345,,,08fca428d0c6a8b5afb497c4c1a8be5805be25ea7510783983dc69f8654e3e36
